Workbook

Sheet SUMMARY
B1: SUMMARY
B3: TOTAL | C3: =D3 -> 0.51327434 | D3: =IF(SUM(F3:H3)=0,0,1-G3/SUM(F3:H3)) -> 0.51327434 | F3: =SUM(F6:F15) -> 43 | G3: =SUM(G6:G15) -> 55 | H3: =SUM(H6:H15) -> 15 | J3: NAME | K3: saifuddin | M3: =IF(ISBLANK($K$3),F3,INDEX($F$6:$F$15,MATCH($K$3,$B$6:$B$15,0))) -> 13 | N3: =IF(ISBLANK($K$3),G3,INDEX($G$6:$G$15,MATCH($K$3,$B$6:$B$15,0))) -> 0 | O3: =IF(ISBLANK($K$3),H3,INDEX($H$6:$H$15,MATCH($K$3,$B$6:$B$15,0))) -> 0
B5: NAME | C5: PERCENTAGE | F5: Y | G5: N | H5: E
B6: Vinod | C6: =D6 -> 0.41666667 | D6: =IF(SUM(F6:H6)=0,0,1-G6/SUM(F6:H6)) -> 0.41666667 | F6: =SUM(JAN:DEC!AL4) -> 9 | G6: =SUM(JAN:DEC!AM4) -> 14 | H6: =SUM(JAN:DEC!AN4) -> 1 | K6: ="Attendance Record-"&IF(ISBLANK(K3),"All",K3) -> Attendance Record-saifuddin
B7: Rakesh | C7: =D7 -> 0.93333333 | D7: =IF(SUM(F7:H7)=0,0,1-G7/SUM(F7:H7)) -> 0.93333333 | F7: =SUM(JAN:DEC!AL5) -> 2 | G7: =SUM(JAN:DEC!AM5) -> 1 | H7: =SUM(JAN:DEC!AN5) -> 12
B8: charan | C8: =D8 -> 0.14285714 | D8: =IF(SUM(F8:H8)=0,0,1-G8/SUM(F8:H8)) -> 0.14285714 | F8: =SUM(JAN:DEC!AL6) -> 2 | G8: =SUM(JAN:DEC!AM6) -> 12 | H8: =SUM(JAN:DEC!AN6) -> 0
B9: ranganna | C9: =D9 -> 0.3 | D9: =IF(SUM(F9:H9)=0,0,1-G9/SUM(F9:H9)) -> 0.3 | F9: =SUM(JAN:DEC!AL7) -> 5 | G9: =SUM(JAN:DEC!AM7) -> 14 | H9: =SUM(JAN:DEC!AN7) -> 1
B10: vinod kumar | C10: =D10 -> 0.071428571 | D10: =IF(SUM(F10:H10)=0,0,1-G10/SUM(F10:H10)) -> 0.071428571 | F10: =SUM(JAN:DEC!AL8) -> 0 | G10: =SUM(JAN:DEC!AM8) -> 13 | H10: =SUM(JAN:DEC!AN8) -> 1
B11: saifuddin | C11: =D11 -> 1 | D11: =IF(SUM(F11:H11)=0,0,1-G11/SUM(F11:H11)) -> 1 | F11: =SUM(JAN:DEC!AL9) -> 13 | G11: =SUM(JAN:DEC!AM9) -> 0 | H11: =SUM(JAN:DEC!AN9) -> 0
B12: pawan kumar | C12: =D12 -> 0.92307692 | D12: =IF(SUM(F12:H12)=0,0,1-G12/SUM(F12:H12)) -> 0.92307692 | F12: =SUM(JAN:DEC!AL10) -> 12 | G12: =SUM(JAN:DEC!AM10) -> 1 | H12: =SUM(JAN:DEC!AN10) -> 0
B13: gouthm | C13: =D13 -> 0 | D13: =IF(SUM(F13:H13)=0,0,1-G13/SUM(F13:H13)) -> 0 | F13: =SUM(JAN:DEC!AL11) -> 0 | G13: =SUM(JAN:DEC!AM11) -> 0 | H13: =SUM(JAN:DEC!AN11) -> 0
B14: moksha | C14: =D14 -> 0 | D14: =IF(SUM(F14:H14)=0,0,1-G14/SUM(F14:H14)) -> 0 | F14: =SUM(JAN:DEC!AL12) -> 0 | G14: =SUM(JAN:DEC!AM12) -> 0 | H14: =SUM(JAN:DEC!AN12) -> 0
B15: chandan | C15: =D15 -> 0 | D15: =IF(SUM(F15:H15)=0,0,1-G15/SUM(F15:H15)) -> 0 | F15: =SUM(JAN:DEC!AL13) -> 0 | G15: =SUM(JAN:DEC!AM13) -> 0 | H15: =SUM(JAN:DEC!AN13) -> 0

Sheet JAN
B1: JANUARY
B3: NAME | C3: PERCENTAGE | F3: 1 | G3: 2 | H3: 3 | I3: 4 | J3: 5 | K3: 6 | L3: 7 | M3: 8 | N3: 9 | O3: 10 | P3: 11 | Q3: 12 | R3: 13 | S3: 14 | T3: 15 | U3: 16 | V3: 17 | W3: 18 | X3: 19 | Y3: 20 | Z3: 21 | AA3: 22 | AB3: 23 | AC3: 24 | AD3: 25 | AE3: 26 | AF3: 27 | AG3: 28 | AH3: 29 | AI3: 30 | AJ3: 31 | AL3: =SUMMARY!F5 -> Y | AM3: =SUMMARY!G5 -> N | AN3: =SUMMARY!H5 -> E
B4: =SUMMARY!B6 -> Vinod | C4: =D4 -> 0 | D4: =IF(COUNTA(F4:AJ4)=0,0,1-AM4/COUNTA(F4:AJ4)) -> 0 | F4: N | AL4: =COUNTIF($F4:$AJ4,AL$3) -> 0 | AM4: =COUNTIF($F4:$AJ4,AM$3) -> 1 | AN4: =COUNTIF($F4:$AJ4,AN$3) -> 0
B5: =SUMMARY!B7 -> Rakesh | C5: =D5 -> 1 | D5: =IF(COUNTA(F5:AJ5)=0,0,1-AM5/COUNTA(F5:AJ5)) -> 1 | F5: E | R5: Y | AL5: =COUNTIF($F5:$AJ5,AL$3) -> 1 | AM5: =COUNTIF($F5:$AJ5,AM$3) -> 0 | AN5: =COUNTIF($F5:$AJ5,AN$3) -> 1
B6: =SUMMARY!B8 -> charan | C6: =D6 -> 0 | D6: =IF(COUNTA(F6:AJ6)=0,0,1-AM6/COUNTA(F6:AJ6)) -> 0 | G6: N | AL6: =COUNTIF($F6:$AJ6,AL$3) -> 0 | AM6: =COUNTIF($F6:$AJ6,AM$3) -> 1 | AN6: =COUNTIF($F6:$AJ6,AN$3) -> 0
B7: =SUMMARY!B9 -> ranganna | C7: =D7 -> 0.66666667 | D7: =IF(COUNTA(F7:AJ7)=0,0,1-AM7/COUNTA(F7:AJ7)) -> 0.66666667 | G7: N | K7: Y | M7: Y | N7: Y | O7: Y | Q7: N | AL7: =COUNTIF($F7:$AJ7,AL$3) -> 4 | AM7: =COUNTIF($F7:$AJ7,AM$3) -> 2 | AN7: =COUNTIF($F7:$AJ7,AN$3) -> 0
B8: =SUMMARY!B10 -> vinod kumar | C8: =D8 -> 0 | D8: =IF(COUNTA(F8:AJ8)=0,0,1-AM8/COUNTA(F8:AJ8)) -> 0 | F8: N | S8: N | AL8: =COUNTIF($F8:$AJ8,AL$3) -> 0 | AM8: =COUNTIF($F8:$AJ8,AM$3) -> 2 | AN8: =COUNTIF($F8:$AJ8,AN$3) -> 0
B9: =SUMMARY!B11 -> saifuddin | C9: =D9 -> 1 | D9: =IF(COUNTA(F9:AJ9)=0,0,1-AM9/COUNTA(F9:AJ9)) -> 1 | G9: Y | O9: Y | AL9: =COUNTIF($F9:$AJ9,AL$3) -> 2 | AM9: =COUNTIF($F9:$AJ9,AM$3) -> 0 | AN9: =COUNTIF($F9:$AJ9,AN$3) -> 0
B10: =SUMMARY!B12 -> pawan kumar | C10: =D10 -> 0.5 | D10: =IF(COUNTA(F10:AJ10)=0,0,1-AM10/COUNTA(F10:AJ10)) -> 0.5 | F10: Y | R10: N | AL10: =COUNTIF($F10:$AJ10,AL$3) -> 1 | AM10: =COUNTIF($F10:$AJ10,AM$3) -> 1 | AN10: =COUNTIF($F10:$AJ10,AN$3) -> 0
B11: =SUMMARY!B13 -> gouthm | C11: =D11 -> 0 | D11: =IF(COUNTA(F11:AJ11)=0,0,1-AM11/COUNTA(F11:AJ11)) -> 0 | AL11: =COUNTIF($F11:$AJ11,AL$3) -> 0 | AM11: =COUNTIF($F11:$AJ11,AM$3) -> 0 | AN11: =COUNTIF($F11:$AJ11,AN$3) -> 0
B12: =SUMMARY!B14 -> moksha | C12: =D12 -> 0 | D12: =IF(COUNTA(F12:AJ12)=0,0,1-AM12/COUNTA(F12:AJ12)) -> 0 | AL12: =COUNTIF($F12:$AJ12,AL$3) -> 0 | AM12: =COUNTIF($F12:$AJ12,AM$3) -> 0 | AN12: =COUNTIF($F12:$AJ12,AN$3) -> 0
B13: =SUMMARY!B15 -> chandan | C13: =D13 -> 0 | D13: =IF(COUNTA(F13:AJ13)=0,0,1-AM13/COUNTA(F13:AJ13)) -> 0 | AL13: =COUNTIF($F13:$AJ13,AL$3) -> 0 | AM13: =COUNTIF($F13:$AJ13,AM$3) -> 0 | AN13: =COUNTIF($F13:$AJ13,AN$3) -> 0

Sheet FEB
B1: FEBRUARY
B3: NAME | C3: PERCENTAGE | F3: 1 | G3: 2 | H3: 3 | I3: 4 | J3: 5 | K3: 6 | L3: 7 | M3: 8 | N3: 9 | O3: 10 | P3: 11 | Q3: 12 | R3: 13 | S3: 14 | T3: 15 | U3: 16 | V3: 17 | W3: 18 | X3: 19 | Y3: 20 | Z3: 21 | AA3: 22 | AB3: 23 | AC3: 24 | AD3: 25 | AE3: 26 | AF3: 27 | AG3: 28 | AH3: 29 | AI3: 30 | AJ3: 31 | AL3: =SUMMARY!F5 -> Y | AM3: =SUMMARY!G5 -> N | AN3: =SUMMARY!H5 -> E
B4: =SUMMARY!B6 -> Vinod | C4: =D4 -> 0.4 | D4: =IF(COUNTA(F4:AJ4)=0,0,1-AM4/COUNTA(F4:AJ4)) -> 0.4 | F4: N | I4: N | K4: N | M4: E | AB4: Y | AL4: =COUNTIF($F4:$AJ4,AL$3) -> 1 | AM4: =COUNTIF($F4:$AJ4,AM$3) -> 3 | AN4: =COUNTIF($F4:$AJ4,AN$3) -> 1
B5: =SUMMARY!B7 -> Rakesh | C5: =D5 -> 1 | D5: =IF(COUNTA(F5:AJ5)=0,0,1-AM5/COUNTA(F5:AJ5)) -> 1 | F5: E | AL5: =COUNTIF($F5:$AJ5,AL$3) -> 0 | AM5: =COUNTIF($F5:$AJ5,AM$3) -> 0 | AN5: =COUNTIF($F5:$AJ5,AN$3) -> 1
B6: =SUMMARY!B8 -> charan | C6: =D6 -> 0 | D6: =IF(COUNTA(F6:AJ6)=0,0,1-AM6/COUNTA(F6:AJ6)) -> 0 | G6: N | AL6: =COUNTIF($F6:$AJ6,AL$3) -> 0 | AM6: =COUNTIF($F6:$AJ6,AM$3) -> 1 | AN6: =COUNTIF($F6:$AJ6,AN$3) -> 0
B7: =SUMMARY!B9 -> ranganna | C7: =D7 -> 0.5 | D7: =IF(COUNTA(F7:AJ7)=0,0,1-AM7/COUNTA(F7:AJ7)) -> 0.5 | G7: N | M7: Y | V7: E | Y7: N | AL7: =COUNTIF($F7:$AJ7,AL$3) -> 1 | AM7: =COUNTIF($F7:$AJ7,AM$3) -> 2 | AN7: =COUNTIF($F7:$AJ7,AN$3) -> 1
B8: =SUMMARY!B10 -> vinod kumar | C8: =D8 -> 0.5 | D8: =IF(COUNTA(F8:AJ8)=0,0,1-AM8/COUNTA(F8:AJ8)) -> 0.5 | F8: N | Q8: E | AL8: =COUNTIF($F8:$AJ8,AL$3) -> 0 | AM8: =COUNTIF($F8:$AJ8,AM$3) -> 1 | AN8: =COUNTIF($F8:$AJ8,AN$3) -> 1
B9: =SUMMARY!B11 -> saifuddin | C9: =D9 -> 1 | D9: =IF(COUNTA(F9:AJ9)=0,0,1-AM9/COUNTA(F9:AJ9)) -> 1 | G9: Y | AL9: =COUNTIF($F9:$AJ9,AL$3) -> 1 | AM9: =COUNTIF($F9:$AJ9,AM$3) -> 0 | AN9: =COUNTIF($F9:$AJ9,AN$3) -> 0
B10: =SUMMARY!B12 -> pawan kumar | C10: =D10 -> 1 | D10: =IF(COUNTA(F10:AJ10)=0,0,1-AM10/COUNTA(F10:AJ10)) -> 1 | F10: Y | AL10: =COUNTIF($F10:$AJ10,AL$3) -> 1 | AM10: =COUNTIF($F10:$AJ10,AM$3) -> 0 | AN10: =COUNTIF($F10:$AJ10,AN$3) -> 0
B11: =SUMMARY!B13 -> gouthm | C11: =D11 -> 0 | D11: =IF(COUNTA(F11:AJ11)=0,0,1-AM11/COUNTA(F11:AJ11)) -> 0 | AL11: =COUNTIF($F11:$AJ11,AL$3) -> 0 | AM11: =COUNTIF($F11:$AJ11,AM$3) -> 0 | AN11: =COUNTIF($F11:$AJ11,AN$3) -> 0
B12: =SUMMARY!B14 -> moksha | C12: =D12 -> 0 | D12: =IF(COUNTA(F12:AJ12)=0,0,1-AM12/COUNTA(F12:AJ12)) -> 0 | AL12: =COUNTIF($F12:$AJ12,AL$3) -> 0 | AM12: =COUNTIF($F12:$AJ12,AM$3) -> 0 | AN12: =COUNTIF($F12:$AJ12,AN$3) -> 0
B13: =SUMMARY!B15 -> chandan | C13: =D13 -> 0 | D13: =IF(COUNTA(F13:AJ13)=0,0,1-AM13/COUNTA(F13:AJ13)) -> 0 | AL13: =COUNTIF($F13:$AJ13,AL$3) -> 0 | AM13: =COUNTIF($F13:$AJ13,AM$3) -> 0 | AN13: =COUNTIF($F13:$AJ13,AN$3) -> 0

Sheet MAR
B1: MARCH
B3: NAME | C3: PERCENTAGE | F3: 1 | G3: 2 | H3: 3 | I3: 4 | J3: 5 | K3: 6 | L3: 7 | M3: 8 | N3: 9 | O3: 10 | P3: 11 | Q3: 12 | R3: 13 | S3: 14 | T3: 15 | U3: 16 | V3: 17 | W3: 18 | X3: 19 | Y3: 20 | Z3: 21 | AA3: 22 | AB3: 23 | AC3: 24 | AD3: 25 | AE3: 26 | AF3: 27 | AG3: 28 | AH3: 29 | AI3: 30 | AJ3: 31 | AL3: =SUMMARY!F5 -> Y | AM3: =SUMMARY!G5 -> N | AN3: =SUMMARY!H5 -> E
B4: =SUMMARY!B6 -> Vinod | C4: =D4 -> 0.875 | D4: =IF(COUNTA(F4:AJ4)=0,0,1-AM4/COUNTA(F4:AJ4)) -> 0.875 | F4: N | G4: Y | H4: Y | I4: Y | K4: Y | M4: Y | O4: Y | R4: Y | AL4: =COUNTIF($F4:$AJ4,AL$3) -> 7 | AM4: =COUNTIF($F4:$AJ4,AM$3) -> 1 | AN4: =COUNTIF($F4:$AJ4,AN$3) -> 0
B5: =SUMMARY!B7 -> Rakesh | C5: =D5 -> 1 | D5: =IF(COUNTA(F5:AJ5)=0,0,1-AM5/COUNTA(F5:AJ5)) -> 1 | F5: E | AL5: =COUNTIF($F5:$AJ5,AL$3) -> 0 | AM5: =COUNTIF($F5:$AJ5,AM$3) -> 0 | AN5: =COUNTIF($F5:$AJ5,AN$3) -> 1
B6: =SUMMARY!B8 -> charan | C6: =D6 -> 0.5 | D6: =IF(COUNTA(F6:AJ6)=0,0,1-AM6/COUNTA(F6:AJ6)) -> 0.5 | G6: N | I6: Y | AL6: =COUNTIF($F6:$AJ6,AL$3) -> 1 | AM6: =COUNTIF($F6:$AJ6,AM$3) -> 1 | AN6: =COUNTIF($F6:$AJ6,AN$3) -> 0
B7: =SUMMARY!B9 -> ranganna | C7: =D7 -> 0 | D7: =IF(COUNTA(F7:AJ7)=0,0,1-AM7/COUNTA(F7:AJ7)) -> 0 | G7: N | AL7: =COUNTIF($F7:$AJ7,AL$3) -> 0 | AM7: =COUNTIF($F7:$AJ7,AM$3) -> 1 | AN7: =COUNTIF($F7:$AJ7,AN$3) -> 0
B8: =SUMMARY!B10 -> vinod kumar | C8: =D8 -> 0 | D8: =IF(COUNTA(F8:AJ8)=0,0,1-AM8/COUNTA(F8:AJ8)) -> 0 | F8: N | AL8: =COUNTIF($F8:$AJ8,AL$3) -> 0 | AM8: =COUNTIF($F8:$AJ8,AM$3) -> 1 | AN8: =COUNTIF($F8:$AJ8,AN$3) -> 0
B9: =SUMMARY!B11 -> saifuddin | C9: =D9 -> 1 | D9: =IF(COUNTA(F9:AJ9)=0,0,1-AM9/COUNTA(F9:AJ9)) -> 1 | G9: Y | AL9: =COUNTIF($F9:$AJ9,AL$3) -> 1 | AM9: =COUNTIF($F9:$AJ9,AM$3) -> 0 | AN9: =COUNTIF($F9:$AJ9,AN$3) -> 0
B10: =SUMMARY!B12 -> pawan kumar | C10: =D10 -> 1 | D10: =IF(COUNTA(F10:AJ10)=0,0,1-AM10/COUNTA(F10:AJ10)) -> 1 | F10: Y | AL10: =COUNTIF($F10:$AJ10,AL$3) -> 1 | AM10: =COUNTIF($F10:$AJ10,AM$3) -> 0 | AN10: =COUNTIF($F10:$AJ10,AN$3) -> 0
B11: =SUMMARY!B13 -> gouthm | C11: =D11 -> 0 | D11: =IF(COUNTA(F11:AJ11)=0,0,1-AM11/COUNTA(F11:AJ11)) -> 0 | AL11: =COUNTIF($F11:$AJ11,AL$3) -> 0 | AM11: =COUNTIF($F11:$AJ11,AM$3) -> 0 | AN11: =COUNTIF($F11:$AJ11,AN$3) -> 0
B12: =SUMMARY!B14 -> moksha | C12: =D12 -> 0 | D12: =IF(COUNTA(F12:AJ12)=0,0,1-AM12/COUNTA(F12:AJ12)) -> 0 | AL12: =COUNTIF($F12:$AJ12,AL$3) -> 0 | AM12: =COUNTIF($F12:$AJ12,AM$3) -> 0 | AN12: =COUNTIF($F12:$AJ12,AN$3) -> 0
B13: =SUMMARY!B15 -> chandan | C13: =D13 -> 0 | D13: =IF(COUNTA(F13:AJ13)=0,0,1-AM13/COUNTA(F13:AJ13)) -> 0 | AL13: =COUNTIF($F13:$AJ13,AL$3) -> 0 | AM13: =COUNTIF($F13:$AJ13,AM$3) -> 0 | AN13: =COUNTIF($F13:$AJ13,AN$3) -> 0

Sheet APR
B1: APRIL
B3: NAME | C3: PERCENTAGE | F3: 1 | G3: 2 | H3: 3 | I3: 4 | J3: 5 | K3: 6 | L3: 7 | M3: 8 | N3: 9 | O3: 10 | P3: 11 | Q3: 12 | R3: 13 | S3: 14 | T3: 15 | U3: 16 | V3: 17 | W3: 18 | X3: 19 | Y3: 20 | Z3: 21 | AA3: 22 | AB3: 23 | AC3: 24 | AD3: 25 | AE3: 26 | AF3: 27 | AG3: 28 | AH3: 29 | AI3: 30 | AJ3: 31 | AL3: =SUMMARY!F5 -> Y | AM3: =SUMMARY!G5 -> N | AN3: =SUMMARY!H5 -> E
B4: =SUMMARY!B6 -> Vinod | C4: =D4 -> 0.5 | D4: =IF(COUNTA(F4:AJ4)=0,0,1-AM4/COUNTA(F4:AJ4)) -> 0.5 | F4: N | H4: Y | AL4: =COUNTIF($F4:$AJ4,AL$3) -> 1 | AM4: =COUNTIF($F4:$AJ4,AM$3) -> 1 | AN4: =COUNTIF($F4:$AJ4,AN$3) -> 0
B5: =SUMMARY!B7 -> Rakesh | C5: =D5 -> 1 | D5: =IF(COUNTA(F5:AJ5)=0,0,1-AM5/COUNTA(F5:AJ5)) -> 1 | F5: E | AL5: =COUNTIF($F5:$AJ5,AL$3) -> 0 | AM5: =COUNTIF($F5:$AJ5,AM$3) -> 0 | AN5: =COUNTIF($F5:$AJ5,AN$3) -> 1
B6: =SUMMARY!B8 -> charan | C6: =D6 -> 0.5 | D6: =IF(COUNTA(F6:AJ6)=0,0,1-AM6/COUNTA(F6:AJ6)) -> 0.5 | G6: N | I6: Y | AL6: =COUNTIF($F6:$AJ6,AL$3) -> 1 | AM6: =COUNTIF($F6:$AJ6,AM$3) -> 1 | AN6: =COUNTIF($F6:$AJ6,AN$3) -> 0
B7: =SUMMARY!B9 -> ranganna | C7: =D7 -> 0 | D7: =IF(COUNTA(F7:AJ7)=0,0,1-AM7/COUNTA(F7:AJ7)) -> 0 | G7: N | AL7: =COUNTIF($F7:$AJ7,AL$3) -> 0 | AM7: =COUNTIF($F7:$AJ7,AM$3) -> 1 | AN7: =COUNTIF($F7:$AJ7,AN$3) -> 0
B8: =SUMMARY!B10 -> vinod kumar | C8: =D8 -> 0 | D8: =IF(COUNTA(F8:AJ8)=0,0,1-AM8/COUNTA(F8:AJ8)) -> 0 | F8: N | AL8: =COUNTIF($F8:$AJ8,AL$3) -> 0 | AM8: =COUNTIF($F8:$AJ8,AM$3) -> 1 | AN8: =COUNTIF($F8:$AJ8,AN$3) -> 0
B9: =SUMMARY!B11 -> saifuddin | C9: =D9 -> 1 | D9: =IF(COUNTA(F9:AJ9)=0,0,1-AM9/COUNTA(F9:AJ9)) -> 1 | G9: Y | AL9: =COUNTIF($F9:$AJ9,AL$3) -> 1 | AM9: =COUNTIF($F9:$AJ9,AM$3) -> 0 | AN9: =COUNTIF($F9:$AJ9,AN$3) -> 0
B10: =SUMMARY!B12 -> pawan kumar | C10: =D10 -> 1 | D10: =IF(COUNTA(F10:AJ10)=0,0,1-AM10/COUNTA(F10:AJ10)) -> 1 | F10: Y | AL10: =COUNTIF($F10:$AJ10,AL$3) -> 1 | AM10: =COUNTIF($F10:$AJ10,AM$3) -> 0 | AN10: =COUNTIF($F10:$AJ10,AN$3) -> 0
B11: =SUMMARY!B13 -> gouthm | C11: =D11 -> 0 | D11: =IF(COUNTA(F11:AJ11)=0,0,1-AM11/COUNTA(F11:AJ11)) -> 0 | AL11: =COUNTIF($F11:$AJ11,AL$3) -> 0 | AM11: =COUNTIF($F11:$AJ11,AM$3) -> 0 | AN11: =COUNTIF($F11:$AJ11,AN$3) -> 0
B12: =SUMMARY!B14 -> moksha | C12: =D12 -> 0 | D12: =IF(COUNTA(F12:AJ12)=0,0,1-AM12/COUNTA(F12:AJ12)) -> 0 | AL12: =COUNTIF($F12:$AJ12,AL$3) -> 0 | AM12: =COUNTIF($F12:$AJ12,AM$3) -> 0 | AN12: =COUNTIF($F12:$AJ12,AN$3) -> 0
B13: =SUMMARY!B15 -> chandan | C13: =D13 -> 0 | D13: =IF(COUNTA(F13:AJ13)=0,0,1-AM13/COUNTA(F13:AJ13)) -> 0 | AL13: =COUNTIF($F13:$AJ13,AL$3) -> 0 | AM13: =COUNTIF($F13:$AJ13,AM$3) -> 0 | AN13: =COUNTIF($F13:$AJ13,AN$3) -> 0

Sheet MAY
B1: MAY
B3: NAME | C3: PERCENTAGE | F3: 1 | G3: 2 | H3: 3 | I3: 4 | J3: 5 | K3: 6 | L3: 7 | M3: 8 | N3: 9 | O3: 10 | P3: 11 | Q3: 12 | R3: 13 | S3: 14 | T3: 15 | U3: 16 | V3: 17 | W3: 18 | X3: 19 | Y3: 20 | Z3: 21 | AA3: 22 | AB3: 23 | AC3: 24 | AD3: 25 | AE3: 26 | AF3: 27 | AG3: 28 | AH3: 29 | AI3: 30 | AJ3: 31 | AL3: =SUMMARY!F5 -> Y | AM3: =SUMMARY!G5 -> N | AN3: =SUMMARY!H5 -> E
B4: =SUMMARY!B6 -> Vinod | C4: =D4 -> 0 | D4: =IF(COUNTA(F4:AJ4)=0,0,1-AM4/COUNTA(F4:AJ4)) -> 0 | F4: N | AL4: =COUNTIF($F4:$AJ4,AL$3) -> 0 | AM4: =COUNTIF($F4:$AJ4,AM$3) -> 1 | AN4: =COUNTIF($F4:$AJ4,AN$3) -> 0
B5: =SUMMARY!B7 -> Rakesh | C5: =D5 -> 1 | D5: =IF(COUNTA(F5:AJ5)=0,0,1-AM5/COUNTA(F5:AJ5)) -> 1 | F5: E | AL5: =COUNTIF($F5:$AJ5,AL$3) -> 0 | AM5: =COUNTIF($F5:$AJ5,AM$3) -> 0 | AN5: =COUNTIF($F5:$AJ5,AN$3) -> 1
B6: =SUMMARY!B8 -> charan | C6: =D6 -> 0 | D6: =IF(COUNTA(F6:AJ6)=0,0,1-AM6/COUNTA(F6:AJ6)) -> 0 | G6: N | AL6: =COUNTIF($F6:$AJ6,AL$3) -> 0 | AM6: =COUNTIF($F6:$AJ6,AM$3) -> 1 | AN6: =COUNTIF($F6:$AJ6,AN$3) -> 0
B7: =SUMMARY!B9 -> ranganna | C7: =D7 -> 0 | D7: =IF(COUNTA(F7:AJ7)=0,0,1-AM7/COUNTA(F7:AJ7)) -> 0 | G7: N | AL7: =COUNTIF($F7:$AJ7,AL$3) -> 0 | AM7: =COUNTIF($F7:$AJ7,AM$3) -> 1 | AN7: =COUNTIF($F7:$AJ7,AN$3) -> 0
B8: =SUMMARY!B10 -> vinod kumar | C8: =D8 -> 0 | D8: =IF(COUNTA(F8:AJ8)=0,0,1-AM8/COUNTA(F8:AJ8)) -> 0 | F8: N | AL8: =COUNTIF($F8:$AJ8,AL$3) -> 0 | AM8: =COUNTIF($F8:$AJ8,AM$3) -> 1 | AN8: =COUNTIF($F8:$AJ8,AN$3) -> 0
B9: =SUMMARY!B11 -> saifuddin | C9: =D9 -> 1 | D9: =IF(COUNTA(F9:AJ9)=0,0,1-AM9/COUNTA(F9:AJ9)) -> 1 | G9: Y | AL9: =COUNTIF($F9:$AJ9,AL$3) -> 1 | AM9: =COUNTIF($F9:$AJ9,AM$3) -> 0 | AN9: =COUNTIF($F9:$AJ9,AN$3) -> 0
B10: =SUMMARY!B12 -> pawan kumar | C10: =D10 -> 1 | D10: =IF(COUNTA(F10:AJ10)=0,0,1-AM10/COUNTA(F10:AJ10)) -> 1 | F10: Y | AL10: =COUNTIF($F10:$AJ10,AL$3) -> 1 | AM10: =COUNTIF($F10:$AJ10,AM$3) -> 0 | AN10: =COUNTIF($F10:$AJ10,AN$3) -> 0
B11: =SUMMARY!B13 -> gouthm | C11: =D11 -> 0 | D11: =IF(COUNTA(F11:AJ11)=0,0,1-AM11/COUNTA(F11:AJ11)) -> 0 | AL11: =COUNTIF($F11:$AJ11,AL$3) -> 0 | AM11: =COUNTIF($F11:$AJ11,AM$3) -> 0 | AN11: =COUNTIF($F11:$AJ11,AN$3) -> 0
B12: =SUMMARY!B14 -> moksha | C12: =D12 -> 0 | D12: =IF(COUNTA(F12:AJ12)=0,0,1-AM12/COUNTA(F12:AJ12)) -> 0 | AL12: =COUNTIF($F12:$AJ12,AL$3) -> 0 | AM12: =COUNTIF($F12:$AJ12,AM$3) -> 0 | AN12: =COUNTIF($F12:$AJ12,AN$3) -> 0
B13: =SUMMARY!B15 -> chandan | C13: =D13 -> 0 | D13: =IF(COUNTA(F13:AJ13)=0,0,1-AM13/COUNTA(F13:AJ13)) -> 0 | AL13: =COUNTIF($F13:$AJ13,AL$3) -> 0 | AM13: =COUNTIF($F13:$AJ13,AM$3) -> 0 | AN13: =COUNTIF($F13:$AJ13,AN$3) -> 0

Sheet JUN
B1: JUNE
B3: NAME | C3: PERCENTAGE | F3: 1 | G3: 2 | H3: 3 | I3: 4 | J3: 5 | K3: 6 | L3: 7 | M3: 8 | N3: 9 | O3: 10 | P3: 11 | Q3: 12 | R3: 13 | S3: 14 | T3: 15 | U3: 16 | V3: 17 | W3: 18 | X3: 19 | Y3: 20 | Z3: 21 | AA3: 22 | AB3: 23 | AC3: 24 | AD3: 25 | AE3: 26 | AF3: 27 | AG3: 28 | AH3: 29 | AI3: 30 | AJ3: 31 | AL3: =SUMMARY!F5 -> Y | AM3: =SUMMARY!G5 -> N | AN3: =SUMMARY!H5 -> E
B4: =SUMMARY!B6 -> Vinod | C4: =D4 -> 0 | D4: =IF(COUNTA(F4:AJ4)=0,0,1-AM4/COUNTA(F4:AJ4)) -> 0 | F4: N | AL4: =COUNTIF($F4:$AJ4,AL$3) -> 0 | AM4: =COUNTIF($F4:$AJ4,AM$3) -> 1 | AN4: =COUNTIF($F4:$AJ4,AN$3) -> 0
B5: =SUMMARY!B7 -> Rakesh | C5: =D5 -> 1 | D5: =IF(COUNTA(F5:AJ5)=0,0,1-AM5/COUNTA(F5:AJ5)) -> 1 | F5: E | AL5: =COUNTIF($F5:$AJ5,AL$3) -> 0 | AM5: =COUNTIF($F5:$AJ5,AM$3) -> 0 | AN5: =COUNTIF($F5:$AJ5,AN$3) -> 1
B6: =SUMMARY!B8 -> charan | C6: =D6 -> 0 | D6: =IF(COUNTA(F6:AJ6)=0,0,1-AM6/COUNTA(F6:AJ6)) -> 0 | G6: N | AL6: =COUNTIF($F6:$AJ6,AL$3) -> 0 | AM6: =COUNTIF($F6:$AJ6,AM$3) -> 1 | AN6: =COUNTIF($F6:$AJ6,AN$3) -> 0
B7: =SUMMARY!B9 -> ranganna | C7: =D7 -> 0 | D7: =IF(COUNTA(F7:AJ7)=0,0,1-AM7/COUNTA(F7:AJ7)) -> 0 | G7: N | AL7: =COUNTIF($F7:$AJ7,AL$3) -> 0 | AM7: =COUNTIF($F7:$AJ7,AM$3) -> 1 | AN7: =COUNTIF($F7:$AJ7,AN$3) -> 0
B8: =SUMMARY!B10 -> vinod kumar | C8: =D8 -> 0 | D8: =IF(COUNTA(F8:AJ8)=0,0,1-AM8/COUNTA(F8:AJ8)) -> 0 | F8: N | AL8: =COUNTIF($F8:$AJ8,AL$3) -> 0 | AM8: =COUNTIF($F8:$AJ8,AM$3) -> 1 | AN8: =COUNTIF($F8:$AJ8,AN$3) -> 0
B9: =SUMMARY!B11 -> saifuddin | C9: =D9 -> 1 | D9: =IF(COUNTA(F9:AJ9)=0,0,1-AM9/COUNTA(F9:AJ9)) -> 1 | G9: Y | AL9: =COUNTIF($F9:$AJ9,AL$3) -> 1 | AM9: =COUNTIF($F9:$AJ9,AM$3) -> 0 | AN9: =COUNTIF($F9:$AJ9,AN$3) -> 0
B10: =SUMMARY!B12 -> pawan kumar | C10: =D10 -> 1 | D10: =IF(COUNTA(F10:AJ10)=0,0,1-AM10/COUNTA(F10:AJ10)) -> 1 | F10: Y | AL10: =COUNTIF($F10:$AJ10,AL$3) -> 1 | AM10: =COUNTIF($F10:$AJ10,AM$3) -> 0 | AN10: =COUNTIF($F10:$AJ10,AN$3) -> 0
B11: =SUMMARY!B13 -> gouthm | C11: =D11 -> 0 | D11: =IF(COUNTA(F11:AJ11)=0,0,1-AM11/COUNTA(F11:AJ11)) -> 0 | AL11: =COUNTIF($F11:$AJ11,AL$3) -> 0 | AM11: =COUNTIF($F11:$AJ11,AM$3) -> 0 | AN11: =COUNTIF($F11:$AJ11,AN$3) -> 0
B12: =SUMMARY!B14 -> moksha | C12: =D12 -> 0 | D12: =IF(COUNTA(F12:AJ12)=0,0,1-AM12/COUNTA(F12:AJ12)) -> 0 | AL12: =COUNTIF($F12:$AJ12,AL$3) -> 0 | AM12: =COUNTIF($F12:$AJ12,AM$3) -> 0 | AN12: =COUNTIF($F12:$AJ12,AN$3) -> 0
B13: =SUMMARY!B15 -> chandan | C13: =D13 -> 0 | D13: =IF(COUNTA(F13:AJ13)=0,0,1-AM13/COUNTA(F13:AJ13)) -> 0 | AL13: =COUNTIF($F13:$AJ13,AL$3) -> 0 | AM13: =COUNTIF($F13:$AJ13,AM$3) -> 0 | AN13: =COUNTIF($F13:$AJ13,AN$3) -> 0

Sheet JUL
B1: JULY
B3: NAME | C3: PERCENTAGE | F3: 1 | G3: 2 | H3: 3 | I3: 4 | J3: 5 | K3: 6 | L3: 7 | M3: 8 | N3: 9 | O3: 10 | P3: 11 | Q3: 12 | R3: 13 | S3: 14 | T3: 15 | U3: 16 | V3: 17 | W3: 18 | X3: 19 | Y3: 20 | Z3: 21 | AA3: 22 | AB3: 23 | AC3: 24 | AD3: 25 | AE3: 26 | AF3: 27 | AG3: 28 | AH3: 29 | AI3: 30 | AJ3: 31 | AL3: =SUMMARY!F5 -> Y | AM3: =SUMMARY!G5 -> N | AN3: =SUMMARY!H5 -> E
B4: =SUMMARY!B6 -> Vinod | C4: =D4 -> 0 | D4: =IF(COUNTA(F4:AJ4)=0,0,1-AM4/COUNTA(F4:AJ4)) -> 0 | F4: N | AL4: =COUNTIF($F4:$AJ4,AL$3) -> 0 | AM4: =COUNTIF($F4:$AJ4,AM$3) -> 1 | AN4: =COUNTIF($F4:$AJ4,AN$3) -> 0
B5: =SUMMARY!B7 -> Rakesh | C5: =D5 -> 0.66666667 | D5: =IF(COUNTA(F5:AJ5)=0,0,1-AM5/COUNTA(F5:AJ5)) -> 0.66666667 | F5: E | I5: N | K5: Y | AL5: =COUNTIF($F5:$AJ5,AL$3) -> 1 | AM5: =COUNTIF($F5:$AJ5,AM$3) -> 1 | AN5: =COUNTIF($F5:$AJ5,AN$3) -> 1
B6: =SUMMARY!B8 -> charan | C6: =D6 -> 0 | D6: =IF(COUNTA(F6:AJ6)=0,0,1-AM6/COUNTA(F6:AJ6)) -> 0 | G6: N | AL6: =COUNTIF($F6:$AJ6,AL$3) -> 0 | AM6: =COUNTIF($F6:$AJ6,AM$3) -> 1 | AN6: =COUNTIF($F6:$AJ6,AN$3) -> 0
B7: =SUMMARY!B9 -> ranganna | C7: =D7 -> 0 | D7: =IF(COUNTA(F7:AJ7)=0,0,1-AM7/COUNTA(F7:AJ7)) -> 0 | G7: N | AL7: =COUNTIF($F7:$AJ7,AL$3) -> 0 | AM7: =COUNTIF($F7:$AJ7,AM$3) -> 1 | AN7: =COUNTIF($F7:$AJ7,AN$3) -> 0
B8: =SUMMARY!B10 -> vinod kumar | C8: =D8 -> 0 | D8: =IF(COUNTA(F8:AJ8)=0,0,1-AM8/COUNTA(F8:AJ8)) -> 0 | F8: N | AL8: =COUNTIF($F8:$AJ8,AL$3) -> 0 | AM8: =COUNTIF($F8:$AJ8,AM$3) -> 1 | AN8: =COUNTIF($F8:$AJ8,AN$3) -> 0
B9: =SUMMARY!B11 -> saifuddin | C9: =D9 -> 1 | D9: =IF(COUNTA(F9:AJ9)=0,0,1-AM9/COUNTA(F9:AJ9)) -> 1 | G9: Y | AL9: =COUNTIF($F9:$AJ9,AL$3) -> 1 | AM9: =COUNTIF($F9:$AJ9,AM$3) -> 0 | AN9: =COUNTIF($F9:$AJ9,AN$3) -> 0
B10: =SUMMARY!B12 -> pawan kumar | C10: =D10 -> 1 | D10: =IF(COUNTA(F10:AJ10)=0,0,1-AM10/COUNTA(F10:AJ10)) -> 1 | F10: Y | AL10: =COUNTIF($F10:$AJ10,AL$3) -> 1 | AM10: =COUNTIF($F10:$AJ10,AM$3) -> 0 | AN10: =COUNTIF($F10:$AJ10,AN$3) -> 0
B11: =SUMMARY!B13 -> gouthm | C11: =D11 -> 0 | D11: =IF(COUNTA(F11:AJ11)=0,0,1-AM11/COUNTA(F11:AJ11)) -> 0 | AL11: =COUNTIF($F11:$AJ11,AL$3) -> 0 | AM11: =COUNTIF($F11:$AJ11,AM$3) -> 0 | AN11: =COUNTIF($F11:$AJ11,AN$3) -> 0
B12: =SUMMARY!B14 -> moksha | C12: =D12 -> 0 | D12: =IF(COUNTA(F12:AJ12)=0,0,1-AM12/COUNTA(F12:AJ12)) -> 0 | AL12: =COUNTIF($F12:$AJ12,AL$3) -> 0 | AM12: =COUNTIF($F12:$AJ12,AM$3) -> 0 | AN12: =COUNTIF($F12:$AJ12,AN$3) -> 0
B13: =SUMMARY!B15 -> chandan | C13: =D13 -> 0 | D13: =IF(COUNTA(F13:AJ13)=0,0,1-AM13/COUNTA(F13:AJ13)) -> 0 | AL13: =COUNTIF($F13:$AJ13,AL$3) -> 0 | AM13: =COUNTIF($F13:$AJ13,AM$3) -> 0 | AN13: =COUNTIF($F13:$AJ13,AN$3) -> 0

Sheet AUG
B1: AUGUST
B3: NAME | C3: PERCENTAGE | F3: 1 | G3: 2 | H3: 3 | I3: 4 | J3: 5 | K3: 6 | L3: 7 | M3: 8 | N3: 9 | O3: 10 | P3: 11 | Q3: 12 | R3: 13 | S3: 14 | T3: 15 | U3: 16 | V3: 17 | W3: 18 | X3: 19 | Y3: 20 | Z3: 21 | AA3: 22 | AB3: 23 | AC3: 24 | AD3: 25 | AE3: 26 | AF3: 27 | AG3: 28 | AH3: 29 | AI3: 30 | AJ3: 31 | AL3: =SUMMARY!F5 -> Y | AM3: =SUMMARY!G5 -> N | AN3: =SUMMARY!H5 -> E
B4: =SUMMARY!B6 -> Vinod | C4: =D4 -> 0 | D4: =IF(COUNTA(F4:AJ4)=0,0,1-AM4/COUNTA(F4:AJ4)) -> 0 | F4: N | AL4: =COUNTIF($F4:$AJ4,AL$3) -> 0 | AM4: =COUNTIF($F4:$AJ4,AM$3) -> 1 | AN4: =COUNTIF($F4:$AJ4,AN$3) -> 0
B5: =SUMMARY!B7 -> Rakesh | C5: =D5 -> 1 | D5: =IF(COUNTA(F5:AJ5)=0,0,1-AM5/COUNTA(F5:AJ5)) -> 1 | F5: E | AL5: =COUNTIF($F5:$AJ5,AL$3) -> 0 | AM5: =COUNTIF($F5:$AJ5,AM$3) -> 0 | AN5: =COUNTIF($F5:$AJ5,AN$3) -> 1
B6: =SUMMARY!B8 -> charan | C6: =D6 -> 0 | D6: =IF(COUNTA(F6:AJ6)=0,0,1-AM6/COUNTA(F6:AJ6)) -> 0 | G6: N | AL6: =COUNTIF($F6:$AJ6,AL$3) -> 0 | AM6: =COUNTIF($F6:$AJ6,AM$3) -> 1 | AN6: =COUNTIF($F6:$AJ6,AN$3) -> 0
B7: =SUMMARY!B9 -> ranganna | C7: =D7 -> 0 | D7: =IF(COUNTA(F7:AJ7)=0,0,1-AM7/COUNTA(F7:AJ7)) -> 0 | G7: N | AL7: =COUNTIF($F7:$AJ7,AL$3) -> 0 | AM7: =COUNTIF($F7:$AJ7,AM$3) -> 1 | AN7: =COUNTIF($F7:$AJ7,AN$3) -> 0
B8: =SUMMARY!B10 -> vinod kumar | C8: =D8 -> 0 | D8: =IF(COUNTA(F8:AJ8)=0,0,1-AM8/COUNTA(F8:AJ8)) -> 0 | F8: N | AL8: =COUNTIF($F8:$AJ8,AL$3) -> 0 | AM8: =COUNTIF($F8:$AJ8,AM$3) -> 1 | AN8: =COUNTIF($F8:$AJ8,AN$3) -> 0
B9: =SUMMARY!B11 -> saifuddin | C9: =D9 -> 1 | D9: =IF(COUNTA(F9:AJ9)=0,0,1-AM9/COUNTA(F9:AJ9)) -> 1 | G9: Y | AL9: =COUNTIF($F9:$AJ9,AL$3) -> 1 | AM9: =COUNTIF($F9:$AJ9,AM$3) -> 0 | AN9: =COUNTIF($F9:$AJ9,AN$3) -> 0
B10: =SUMMARY!B12 -> pawan kumar | C10: =D10 -> 1 | D10: =IF(COUNTA(F10:AJ10)=0,0,1-AM10/COUNTA(F10:AJ10)) -> 1 | F10: Y | AL10: =COUNTIF($F10:$AJ10,AL$3) -> 1 | AM10: =COUNTIF($F10:$AJ10,AM$3) -> 0 | AN10: =COUNTIF($F10:$AJ10,AN$3) -> 0
B11: =SUMMARY!B13 -> gouthm | C11: =D11 -> 0 | D11: =IF(COUNTA(F11:AJ11)=0,0,1-AM11/COUNTA(F11:AJ11)) -> 0 | AL11: =COUNTIF($F11:$AJ11,AL$3) -> 0 | AM11: =COUNTIF($F11:$AJ11,AM$3) -> 0 | AN11: =COUNTIF($F11:$AJ11,AN$3) -> 0
B12: =SUMMARY!B14 -> moksha | C12: =D12 -> 0 | D12: =IF(COUNTA(F12:AJ12)=0,0,1-AM12/COUNTA(F12:AJ12)) -> 0 | AL12: =COUNTIF($F12:$AJ12,AL$3) -> 0 | AM12: =COUNTIF($F12:$AJ12,AM$3) -> 0 | AN12: =COUNTIF($F12:$AJ12,AN$3) -> 0
B13: =SUMMARY!B15 -> chandan | C13: =D13 -> 0 | D13: =IF(COUNTA(F13:AJ13)=0,0,1-AM13/COUNTA(F13:AJ13)) -> 0 | AL13: =COUNTIF($F13:$AJ13,AL$3) -> 0 | AM13: =COUNTIF($F13:$AJ13,AM$3) -> 0 | AN13: =COUNTIF($F13:$AJ13,AN$3) -> 0

Sheet SPE
B1: SEPTEMBER
B3: NAME | C3: PERCENTAGE | F3: 1 | G3: 2 | H3: 3 | I3: 4 | J3: 5 | K3: 6 | L3: 7 | M3: 8 | N3: 9 | O3: 10 | P3: 11 | Q3: 12 | R3: 13 | S3: 14 | T3: 15 | U3: 16 | V3: 17 | W3: 18 | X3: 19 | Y3: 20 | Z3: 21 | AA3: 22 | AB3: 23 | AC3: 24 | AD3: 25 | AE3: 26 | AF3: 27 | AG3: 28 | AH3: 29 | AI3: 30 | AJ3: 31 | AL3: =SUMMARY!F5 -> Y | AM3: =SUMMARY!G5 -> N | AN3: =SUMMARY!H5 -> E
B4: =SUMMARY!B6 -> Vinod | C4: =D4 -> 0 | D4: =IF(COUNTA(F4:AJ4)=0,0,1-AM4/COUNTA(F4:AJ4)) -> 0 | F4: N | AL4: =COUNTIF($F4:$AJ4,AL$3) -> 0 | AM4: =COUNTIF($F4:$AJ4,AM$3) -> 1 | AN4: =COUNTIF($F4:$AJ4,AN$3) -> 0
B5: =SUMMARY!B7 -> Rakesh | C5: =D5 -> 1 | D5: =IF(COUNTA(F5:AJ5)=0,0,1-AM5/COUNTA(F5:AJ5)) -> 1 | F5: E | AL5: =COUNTIF($F5:$AJ5,AL$3) -> 0 | AM5: =COUNTIF($F5:$AJ5,AM$3) -> 0 | AN5: =COUNTIF($F5:$AJ5,AN$3) -> 1
B6: =SUMMARY!B8 -> charan | C6: =D6 -> 0 | D6: =IF(COUNTA(F6:AJ6)=0,0,1-AM6/COUNTA(F6:AJ6)) -> 0 | G6: N | AL6: =COUNTIF($F6:$AJ6,AL$3) -> 0 | AM6: =COUNTIF($F6:$AJ6,AM$3) -> 1 | AN6: =COUNTIF($F6:$AJ6,AN$3) -> 0
B7: =SUMMARY!B9 -> ranganna | C7: =D7 -> 0 | D7: =IF(COUNTA(F7:AJ7)=0,0,1-AM7/COUNTA(F7:AJ7)) -> 0 | G7: N | AL7: =COUNTIF($F7:$AJ7,AL$3) -> 0 | AM7: =COUNTIF($F7:$AJ7,AM$3) -> 1 | AN7: =COUNTIF($F7:$AJ7,AN$3) -> 0
B8: =SUMMARY!B10 -> vinod kumar | C8: =D8 -> 0 | D8: =IF(COUNTA(F8:AJ8)=0,0,1-AM8/COUNTA(F8:AJ8)) -> 0 | F8: N | AL8: =COUNTIF($F8:$AJ8,AL$3) -> 0 | AM8: =COUNTIF($F8:$AJ8,AM$3) -> 1 | AN8: =COUNTIF($F8:$AJ8,AN$3) -> 0
B9: =SUMMARY!B11 -> saifuddin | C9: =D9 -> 1 | D9: =IF(COUNTA(F9:AJ9)=0,0,1-AM9/COUNTA(F9:AJ9)) -> 1 | G9: Y | AL9: =COUNTIF($F9:$AJ9,AL$3) -> 1 | AM9: =COUNTIF($F9:$AJ9,AM$3) -> 0 | AN9: =COUNTIF($F9:$AJ9,AN$3) -> 0
B10: =SUMMARY!B12 -> pawan kumar | C10: =D10 -> 1 | D10: =IF(COUNTA(F10:AJ10)=0,0,1-AM10/COUNTA(F10:AJ10)) -> 1 | F10: Y | AL10: =COUNTIF($F10:$AJ10,AL$3) -> 1 | AM10: =COUNTIF($F10:$AJ10,AM$3) -> 0 | AN10: =COUNTIF($F10:$AJ10,AN$3) -> 0
B11: =SUMMARY!B13 -> gouthm | C11: =D11 -> 0 | D11: =IF(COUNTA(F11:AJ11)=0,0,1-AM11/COUNTA(F11:AJ11)) -> 0 | AL11: =COUNTIF($F11:$AJ11,AL$3) -> 0 | AM11: =COUNTIF($F11:$AJ11,AM$3) -> 0 | AN11: =COUNTIF($F11:$AJ11,AN$3) -> 0
B12: =SUMMARY!B14 -> moksha | C12: =D12 -> 0 | D12: =IF(COUNTA(F12:AJ12)=0,0,1-AM12/COUNTA(F12:AJ12)) -> 0 | AL12: =COUNTIF($F12:$AJ12,AL$3) -> 0 | AM12: =COUNTIF($F12:$AJ12,AM$3) -> 0 | AN12: =COUNTIF($F12:$AJ12,AN$3) -> 0
B13: =SUMMARY!B15 -> chandan | C13: =D13 -> 0 | D13: =IF(COUNTA(F13:AJ13)=0,0,1-AM13/COUNTA(F13:AJ13)) -> 0 | AL13: =COUNTIF($F13:$AJ13,AL$3) -> 0 | AM13: =COUNTIF($F13:$AJ13,AM$3) -> 0 | AN13: =COUNTIF($F13:$AJ13,AN$3) -> 0

Sheet OCT
B1: OCTOBER
B3: NAME | C3: PERCENTAGE | F3: 1 | G3: 2 | H3: 3 | I3: 4 | J3: 5 | K3: 6 | L3: 7 | M3: 8 | N3: 9 | O3: 10 | P3: 11 | Q3: 12 | R3: 13 | S3: 14 | T3: 15 | U3: 16 | V3: 17 | W3: 18 | X3: 19 | Y3: 20 | Z3: 21 | AA3: 22 | AB3: 23 | AC3: 24 | AD3: 25 | AE3: 26 | AF3: 27 | AG3: 28 | AH3: 29 | AI3: 30 | AJ3: 31 | AL3: =SUMMARY!F5 -> Y | AM3: =SUMMARY!G5 -> N | AN3: =SUMMARY!H5 -> E
B4: =SUMMARY!B6 -> Vinod | C4: =D4 -> 0 | D4: =IF(COUNTA(F4:AJ4)=0,0,1-AM4/COUNTA(F4:AJ4)) -> 0 | F4: N | AL4: =COUNTIF($F4:$AJ4,AL$3) -> 0 | AM4: =COUNTIF($F4:$AJ4,AM$3) -> 1 | AN4: =COUNTIF($F4:$AJ4,AN$3) -> 0
B5: =SUMMARY!B7 -> Rakesh | C5: =D5 -> 1 | D5: =IF(COUNTA(F5:AJ5)=0,0,1-AM5/COUNTA(F5:AJ5)) -> 1 | F5: E | AL5: =COUNTIF($F5:$AJ5,AL$3) -> 0 | AM5: =COUNTIF($F5:$AJ5,AM$3) -> 0 | AN5: =COUNTIF($F5:$AJ5,AN$3) -> 1
B6: =SUMMARY!B8 -> charan | C6: =D6 -> 0 | D6: =IF(COUNTA(F6:AJ6)=0,0,1-AM6/COUNTA(F6:AJ6)) -> 0 | G6: N | AL6: =COUNTIF($F6:$AJ6,AL$3) -> 0 | AM6: =COUNTIF($F6:$AJ6,AM$3) -> 1 | AN6: =COUNTIF($F6:$AJ6,AN$3) -> 0
B7: =SUMMARY!B9 -> ranganna | C7: =D7 -> 0 | D7: =IF(COUNTA(F7:AJ7)=0,0,1-AM7/COUNTA(F7:AJ7)) -> 0 | G7: N | AL7: =COUNTIF($F7:$AJ7,AL$3) -> 0 | AM7: =COUNTIF($F7:$AJ7,AM$3) -> 1 | AN7: =COUNTIF($F7:$AJ7,AN$3) -> 0
B8: =SUMMARY!B10 -> vinod kumar | C8: =D8 -> 0 | D8: =IF(COUNTA(F8:AJ8)=0,0,1-AM8/COUNTA(F8:AJ8)) -> 0 | F8: N | AL8: =COUNTIF($F8:$AJ8,AL$3) -> 0 | AM8: =COUNTIF($F8:$AJ8,AM$3) -> 1 | AN8: =COUNTIF($F8:$AJ8,AN$3) -> 0
B9: =SUMMARY!B11 -> saifuddin | C9: =D9 -> 1 | D9: =IF(COUNTA(F9:AJ9)=0,0,1-AM9/COUNTA(F9:AJ9)) -> 1 | G9: Y | AL9: =COUNTIF($F9:$AJ9,AL$3) -> 1 | AM9: =COUNTIF($F9:$AJ9,AM$3) -> 0 | AN9: =COUNTIF($F9:$AJ9,AN$3) -> 0
B10: =SUMMARY!B12 -> pawan kumar | C10: =D10 -> 1 | D10: =IF(COUNTA(F10:AJ10)=0,0,1-AM10/COUNTA(F10:AJ10)) -> 1 | F10: Y | AL10: =COUNTIF($F10:$AJ10,AL$3) -> 1 | AM10: =COUNTIF($F10:$AJ10,AM$3) -> 0 | AN10: =COUNTIF($F10:$AJ10,AN$3) -> 0
B11: =SUMMARY!B13 -> gouthm | C11: =D11 -> 0 | D11: =IF(COUNTA(F11:AJ11)=0,0,1-AM11/COUNTA(F11:AJ11)) -> 0 | AL11: =COUNTIF($F11:$AJ11,AL$3) -> 0 | AM11: =COUNTIF($F11:$AJ11,AM$3) -> 0 | AN11: =COUNTIF($F11:$AJ11,AN$3) -> 0
B12: =SUMMARY!B14 -> moksha | C12: =D12 -> 0 | D12: =IF(COUNTA(F12:AJ12)=0,0,1-AM12/COUNTA(F12:AJ12)) -> 0 | AL12: =COUNTIF($F12:$AJ12,AL$3) -> 0 | AM12: =COUNTIF($F12:$AJ12,AM$3) -> 0 | AN12: =COUNTIF($F12:$AJ12,AN$3) -> 0
B13: =SUMMARY!B15 -> chandan | C13: =D13 -> 0 | D13: =IF(COUNTA(F13:AJ13)=0,0,1-AM13/COUNTA(F13:AJ13)) -> 0 | AL13: =COUNTIF($F13:$AJ13,AL$3) -> 0 | AM13: =COUNTIF($F13:$AJ13,AM$3) -> 0 | AN13: =COUNTIF($F13:$AJ13,AN$3) -> 0

Sheet NOV
B1: NOVEMBER
B3: NAME | C3: PERCENTAGE | F3: 1 | G3: 2 | H3: 3 | I3: 4 | J3: 5 | K3: 6 | L3: 7 | M3: 8 | N3: 9 | O3: 10 | P3: 11 | Q3: 12 | R3: 13 | S3: 14 | T3: 15 | U3: 16 | V3: 17 | W3: 18 | X3: 19 | Y3: 20 | Z3: 21 | AA3: 22 | AB3: 23 | AC3: 24 | AD3: 25 | AE3: 26 | AF3: 27 | AG3: 28 | AH3: 29 | AI3: 30 | AJ3: 31 | AL3: =SUMMARY!F5 -> Y | AM3: =SUMMARY!G5 -> N | AN3: =SUMMARY!H5 -> E
B4: =SUMMARY!B6 -> Vinod | C4: =D4 -> 0 | D4: =IF(COUNTA(F4:AJ4)=0,0,1-AM4/COUNTA(F4:AJ4)) -> 0 | F4: N | AL4: =COUNTIF($F4:$AJ4,AL$3) -> 0 | AM4: =COUNTIF($F4:$AJ4,AM$3) -> 1 | AN4: =COUNTIF($F4:$AJ4,AN$3) -> 0
B5: =SUMMARY!B7 -> Rakesh | C5: =D5 -> 1 | D5: =IF(COUNTA(F5:AJ5)=0,0,1-AM5/COUNTA(F5:AJ5)) -> 1 | F5: E | AL5: =COUNTIF($F5:$AJ5,AL$3) -> 0 | AM5: =COUNTIF($F5:$AJ5,AM$3) -> 0 | AN5: =COUNTIF($F5:$AJ5,AN$3) -> 1
B6: =SUMMARY!B8 -> charan | C6: =D6 -> 0 | D6: =IF(COUNTA(F6:AJ6)=0,0,1-AM6/COUNTA(F6:AJ6)) -> 0 | G6: N | AL6: =COUNTIF($F6:$AJ6,AL$3) -> 0 | AM6: =COUNTIF($F6:$AJ6,AM$3) -> 1 | AN6: =COUNTIF($F6:$AJ6,AN$3) -> 0
B7: =SUMMARY!B9 -> ranganna | C7: =D7 -> 0 | D7: =IF(COUNTA(F7:AJ7)=0,0,1-AM7/COUNTA(F7:AJ7)) -> 0 | G7: N | AL7: =COUNTIF($F7:$AJ7,AL$3) -> 0 | AM7: =COUNTIF($F7:$AJ7,AM$3) -> 1 | AN7: =COUNTIF($F7:$AJ7,AN$3) -> 0
B8: =SUMMARY!B10 -> vinod kumar | C8: =D8 -> 0 | D8: =IF(COUNTA(F8:AJ8)=0,0,1-AM8/COUNTA(F8:AJ8)) -> 0 | F8: N | AL8: =COUNTIF($F8:$AJ8,AL$3) -> 0 | AM8: =COUNTIF($F8:$AJ8,AM$3) -> 1 | AN8: =COUNTIF($F8:$AJ8,AN$3) -> 0
B9: =SUMMARY!B11 -> saifuddin | C9: =D9 -> 1 | D9: =IF(COUNTA(F9:AJ9)=0,0,1-AM9/COUNTA(F9:AJ9)) -> 1 | G9: Y | AL9: =COUNTIF($F9:$AJ9,AL$3) -> 1 | AM9: =COUNTIF($F9:$AJ9,AM$3) -> 0 | AN9: =COUNTIF($F9:$AJ9,AN$3) -> 0
B10: =SUMMARY!B12 -> pawan kumar | C10: =D10 -> 1 | D10: =IF(COUNTA(F10:AJ10)=0,0,1-AM10/COUNTA(F10:AJ10)) -> 1 | F10: Y | AL10: =COUNTIF($F10:$AJ10,AL$3) -> 1 | AM10: =COUNTIF($F10:$AJ10,AM$3) -> 0 | AN10: =COUNTIF($F10:$AJ10,AN$3) -> 0
B11: =SUMMARY!B13 -> gouthm | C11: =D11 -> 0 | D11: =IF(COUNTA(F11:AJ11)=0,0,1-AM11/COUNTA(F11:AJ11)) -> 0 | AL11: =COUNTIF($F11:$AJ11,AL$3) -> 0 | AM11: =COUNTIF($F11:$AJ11,AM$3) -> 0 | AN11: =COUNTIF($F11:$AJ11,AN$3) -> 0
B12: =SUMMARY!B14 -> moksha | C12: =D12 -> 0 | D12: =IF(COUNTA(F12:AJ12)=0,0,1-AM12/COUNTA(F12:AJ12)) -> 0 | AL12: =COUNTIF($F12:$AJ12,AL$3) -> 0 | AM12: =COUNTIF($F12:$AJ12,AM$3) -> 0 | AN12: =COUNTIF($F12:$AJ12,AN$3) -> 0
B13: =SUMMARY!B15 -> chandan | C13: =D13 -> 0 | D13: =IF(COUNTA(F13:AJ13)=0,0,1-AM13/COUNTA(F13:AJ13)) -> 0 | AL13: =COUNTIF($F13:$AJ13,AL$3) -> 0 | AM13: =COUNTIF($F13:$AJ13,AM$3) -> 0 | AN13: =COUNTIF($F13:$AJ13,AN$3) -> 0

Sheet DEC
B1: DECEMBER
B3: NAME | C3: PERCENTAGE | F3: 1 | G3: 2 | H3: 3 | I3: 4 | J3: 5 | K3: 6 | L3: 7 | M3: 8 | N3: 9 | O3: 10 | P3: 11 | Q3: 12 | R3: 13 | S3: 14 | T3: 15 | U3: 16 | V3: 17 | W3: 18 | X3: 19 | Y3: 20 | Z3: 21 | AA3: 22 | AB3: 23 | AC3: 24 | AD3: 25 | AE3: 26 | AF3: 27 | AG3: 28 | AH3: 29 | AI3: 30 | AJ3: 31 | AL3: =SUMMARY!F5 -> Y | AM3: =SUMMARY!G5 -> N | AN3: =SUMMARY!H5 -> E
B4: =SUMMARY!B6 -> Vinod | C4: =D4 -> 0 | D4: =IF(COUNTA(F4:AJ4)=0,0,1-AM4/COUNTA(F4:AJ4)) -> 0 | F4: N | AL4: =COUNTIF($F4:$AJ4,AL$3) -> 0 | AM4: =COUNTIF($F4:$AJ4,AM$3) -> 1 | AN4: =COUNTIF($F4:$AJ4,AN$3) -> 0
B5: =SUMMARY!B7 -> Rakesh | C5: =D5 -> 1 | D5: =IF(COUNTA(F5:AJ5)=0,0,1-AM5/COUNTA(F5:AJ5)) -> 1 | F5: E | AL5: =COUNTIF($F5:$AJ5,AL$3) -> 0 | AM5: =COUNTIF($F5:$AJ5,AM$3) -> 0 | AN5: =COUNTIF($F5:$AJ5,AN$3) -> 1
B6: =SUMMARY!B8 -> charan | C6: =D6 -> 0 | D6: =IF(COUNTA(F6:AJ6)=0,0,1-AM6/COUNTA(F6:AJ6)) -> 0 | G6: N | AL6: =COUNTIF($F6:$AJ6,AL$3) -> 0 | AM6: =COUNTIF($F6:$AJ6,AM$3) -> 1 | AN6: =COUNTIF($F6:$AJ6,AN$3) -> 0
B7: =SUMMARY!B9 -> ranganna | C7: =D7 -> 0 | D7: =IF(COUNTA(F7:AJ7)=0,0,1-AM7/COUNTA(F7:AJ7)) -> 0 | G7: N | AL7: =COUNTIF($F7:$AJ7,AL$3) -> 0 | AM7: =COUNTIF($F7:$AJ7,AM$3) -> 1 | AN7: =COUNTIF($F7:$AJ7,AN$3) -> 0
B8: =SUMMARY!B10 -> vinod kumar | C8: =D8 -> 0 | D8: =IF(COUNTA(F8:AJ8)=0,0,1-AM8/COUNTA(F8:AJ8)) -> 0 | F8: N | AL8: =COUNTIF($F8:$AJ8,AL$3) -> 0 | AM8: =COUNTIF($F8:$AJ8,AM$3) -> 1 | AN8: =COUNTIF($F8:$AJ8,AN$3) -> 0
B9: =SUMMARY!B11 -> saifuddin | C9: =D9 -> 1 | D9: =IF(COUNTA(F9:AJ9)=0,0,1-AM9/COUNTA(F9:AJ9)) -> 1 | G9: Y | AL9: =COUNTIF($F9:$AJ9,AL$3) -> 1 | AM9: =COUNTIF($F9:$AJ9,AM$3) -> 0 | AN9: =COUNTIF($F9:$AJ9,AN$3) -> 0
B10: =SUMMARY!B12 -> pawan kumar | C10: =D10 -> 1 | D10: =IF(COUNTA(F10:AJ10)=0,0,1-AM10/COUNTA(F10:AJ10)) -> 1 | F10: Y | AL10: =COUNTIF($F10:$AJ10,AL$3) -> 1 | AM10: =COUNTIF($F10:$AJ10,AM$3) -> 0 | AN10: =COUNTIF($F10:$AJ10,AN$3) -> 0
B11: =SUMMARY!B13 -> gouthm | C11: =D11 -> 0 | D11: =IF(COUNTA(F11:AJ11)=0,0,1-AM11/COUNTA(F11:AJ11)) -> 0 | AL11: =COUNTIF($F11:$AJ11,AL$3) -> 0 | AM11: =COUNTIF($F11:$AJ11,AM$3) -> 0 | AN11: =COUNTIF($F11:$AJ11,AN$3) -> 0
B12: =SUMMARY!B14 -> moksha | C12: =D12 -> 0 | D12: =IF(COUNTA(F12:AJ12)=0,0,1-AM12/COUNTA(F12:AJ12)) -> 0 | AL12: =COUNTIF($F12:$AJ12,AL$3) -> 0 | AM12: =COUNTIF($F12:$AJ12,AM$3) -> 0 | AN12: =COUNTIF($F12:$AJ12,AN$3) -> 0
B13: =SUMMARY!B15 -> chandan | C13: =D13 -> 0 | D13: =IF(COUNTA(F13:AJ13)=0,0,1-AM13/COUNTA(F13:AJ13)) -> 0 | AL13: =COUNTIF($F13:$AJ13,AL$3) -> 0 | AM13: =COUNTIF($F13:$AJ13,AM$3) -> 0 | AN13: =COUNTIF($F13:$AJ13,AN$3) -> 0
